img_path,label
./data\Banana\0_100.jpg,Banana
./data\Banana\104_100.jpg,Banana
./data\Banana\107_100.jpg,Banana
./data\Banana\10_100.jpg,Banana
./data\Banana\112_100.jpg,Banana
./data\Banana\117_100.jpg,Banana
./data\Banana\118_100.jpg,Banana
./data\Banana\119_100.jpg,Banana
./data\Banana\11_100.jpg,Banana
./data\Banana\120_100.jpg,Banana
./data\Banana\121_100.jpg,Banana
./data\Banana\122_100.jpg,Banana
./data\Banana\123_100.jpg,Banana
./data\Banana\124_100.jpg,Banana
./data\Banana\125_100.jpg,Banana
./data\Banana\126_100.jpg,Banana
./data\Banana\127_100.jpg,Banana
./data\Banana\128_100.jpg,Banana
./data\Banana\129_100.jpg,Banana
./data\Banana\130_100.jpg,Banana
./data\Banana\131_100.jpg,Banana
./data\Banana\132_100.jpg,Banana
./data\Banana\133_100.jpg,Banana
./data\Banana\134_100.jpg,Banana
./data\Banana\135_100.jpg,Banana
./data\Banana\136_100.jpg,Banana
./data\Banana\137_100.jpg,Banana
./data\Banana\138_100.jpg,Banana
./data\Banana\139_100.jpg,Banana
./data\Banana\140_100.jpg,Banana
./data\Banana\141_100.jpg,Banana
./data\Banana\142_100.jpg,Banana
./data\Banana\143_100.jpg,Banana
./data\Banana\144_100.jpg,Banana
./data\Banana\145_100.jpg,Banana
./data\Banana\146_100.jpg,Banana
./data\Banana\147_100.jpg,Banana
./data\Banana\148_100.jpg,Banana
./data\Banana\149_100.jpg,Banana
./data\Banana\150_100.jpg,Banana
./data\Banana\151_100.jpg,Banana
./data\Banana\152_100.jpg,Banana
./data\Banana\153_100.jpg,Banana
./data\Banana\154_100.jpg,Banana
./data\Banana\155_100.jpg,Banana
./data\Banana\156_100.jpg,Banana
./data\Banana\157_100.jpg,Banana
./data\Banana\170_100.jpg,Banana
./data\Banana\171_100.jpg,Banana
./data\Banana\172_100.jpg,Banana
./data\Banana\173_100.jpg,Banana
./data\Banana\174_100.jpg,Banana
./data\Banana\175_100.jpg,Banana
./data\Banana\176_100.jpg,Banana
./data\Banana\177_100.jpg,Banana
./data\Banana\178_100.jpg,Banana
./data\Banana\179_100.jpg,Banana
./data\Banana\180_100.jpg,Banana
./data\Banana\181_100.jpg,Banana
./data\Banana\182_100.jpg,Banana
./data\Banana\183_100.jpg,Banana
./data\Banana\184_100.jpg,Banana
./data\Banana\185_100.jpg,Banana
./data\Banana\186_100.jpg,Banana
./data\Banana\187_100.jpg,Banana
./data\Banana\188_100.jpg,Banana
./data\Banana\189_100.jpg,Banana
./data\Banana\190_100.jpg,Banana
./data\Banana\191_100.jpg,Banana
./data\Banana\192_100.jpg,Banana
./data\Banana\193_100.jpg,Banana
./data\Banana\194_100.jpg,Banana
./data\Banana\195_100.jpg,Banana
./data\Banana\196_100.jpg,Banana
./data\Banana\197_100.jpg,Banana
./data\Banana\198_100.jpg,Banana
./data\Banana\199_100.jpg,Banana
./data\Banana\1_100.jpg,Banana
./data\Banana\200_100.jpg,Banana
./data\Banana\201_100.jpg,Banana
./data\Banana\202_100.jpg,Banana
./data\Banana\203_100.jpg,Banana
./data\Banana\204_100.jpg,Banana
./data\Banana\205_100.jpg,Banana
./data\Banana\206_100.jpg,Banana
./data\Banana\207_100.jpg,Banana
./data\Banana\208_100.jpg,Banana
./data\Banana\209_100.jpg,Banana
./data\Banana\210_100.jpg,Banana
./data\Banana\211_100.jpg,Banana
./data\Banana\212_100.jpg,Banana
./data\Banana\213_100.jpg,Banana
./data\Banana\214_100.jpg,Banana
./data\Banana\215_100.jpg,Banana
./data\Banana\216_100.jpg,Banana
./data\Banana\217_100.jpg,Banana
./data\Banana\218_100.jpg,Banana
./data\Banana\219_100.jpg,Banana
./data\Banana\220_100.jpg,Banana
./data\Banana\221_100.jpg,Banana
./data\Banana\222_100.jpg,Banana
./data\Banana\223_100.jpg,Banana
./data\Banana\224_100.jpg,Banana
./data\Banana\225_100.jpg,Banana
./data\Banana\226_100.jpg,Banana
./data\Banana\227_100.jpg,Banana
./data\Banana\228_100.jpg,Banana
./data\Banana\229_100.jpg,Banana
./data\Banana\230_100.jpg,Banana
./data\Banana\231_100.jpg,Banana
./data\Banana\232_100.jpg,Banana
./data\Banana\233_100.jpg,Banana
./data\Banana\234_100.jpg,Banana
./data\Banana\235_100.jpg,Banana
./data\Banana\236_100.jpg,Banana
./data\Banana\237_100.jpg,Banana
./data\Banana\238_100.jpg,Banana
./data\Banana\239_100.jpg,Banana
./data\Banana\240_100.jpg,Banana
./data\Banana\241_100.jpg,Banana
./data\Banana\242_100.jpg,Banana
./data\Banana\243_100.jpg,Banana
./data\Banana\244_100.jpg,Banana
./data\Banana\245_100.jpg,Banana
./data\Banana\246_100.jpg,Banana
./data\Banana\247_100.jpg,Banana
./data\Banana\248_100.jpg,Banana
./data\Banana\249_100.jpg,Banana
./data\Banana\250_100.jpg,Banana
./data\Banana\251_100.jpg,Banana
./data\Banana\252_100.jpg,Banana
./data\Banana\253_100.jpg,Banana
./data\Banana\254_100.jpg,Banana
./data\Banana\255_100.jpg,Banana
./data\Banana\256_100.jpg,Banana
./data\Banana\257_100.jpg,Banana
./data\Banana\258_100.jpg,Banana
./data\Banana\259_100.jpg,Banana
./data\Banana\260_100.jpg,Banana
./data\Banana\261_100.jpg,Banana
./data\Banana\262_100.jpg,Banana
./data\Banana\263_100.jpg,Banana
./data\Banana\264_100.jpg,Banana
./data\Banana\265_100.jpg,Banana
./data\Banana\266_100.jpg,Banana
./data\Banana\267_100.jpg,Banana
./data\Banana\268_100.jpg,Banana
./data\Banana\269_100.jpg,Banana
./data\Banana\270_100.jpg,Banana
./data\Banana\271_100.jpg,Banana
./data\Banana\272_100.jpg,Banana
./data\Banana\273_100.jpg,Banana
./data\Banana\274_100.jpg,Banana
./data\Banana\275_100.jpg,Banana
./data\Banana\276_100.jpg,Banana
./data\Banana\277_100.jpg,Banana
./data\Banana\278_100.jpg,Banana
./data\Banana\279_100.jpg,Banana
./data\Banana\280_100.jpg,Banana
./data\Banana\281_100.jpg,Banana
./data\Banana\282_100.jpg,Banana
./data\Banana\283_100.jpg,Banana
./data\Banana\284_100.jpg,Banana
./data\Banana\285_100.jpg,Banana
./data\Banana\286_100.jpg,Banana
./data\Banana\287_100.jpg,Banana
./data\Banana\288_100.jpg,Banana
./data\Banana\289_100.jpg,Banana
./data\Banana\290_100.jpg,Banana
./data\Banana\291_100.jpg,Banana
./data\Banana\292_100.jpg,Banana
./data\Banana\293_100.jpg,Banana
./data\Banana\2_100.jpg,Banana
./data\Banana\323_100.jpg,Banana
./data\Banana\324_100.jpg,Banana
./data\Banana\325_100.jpg,Banana
./data\Banana\326_100.jpg,Banana
./data\Banana\327_100.jpg,Banana
./data\Banana\35_100.jpg,Banana
./data\Banana\37_100.jpg,Banana
./data\Banana\38_100.jpg,Banana
./data\Banana\39_100.jpg,Banana
./data\Banana\3_100.jpg,Banana
./data\Banana\40_100.jpg,Banana
./data\Banana\41_100.jpg,Banana
./data\Banana\42_100.jpg,Banana
./data\Banana\43_100.jpg,Banana
./data\Banana\44_100.jpg,Banana
./data\Banana\45_100.jpg,Banana
./data\Banana\46_100.jpg,Banana
./data\Banana\47_100.jpg,Banana
./data\Banana\48_100.jpg,Banana
./data\Banana\49_100.jpg,Banana
./data\Banana\4_100.jpg,Banana
./data\Banana\50_100.jpg,Banana
./data\Banana\51_100.jpg,Banana
./data\Banana\52_100.jpg,Banana
./data\Banana\53_100.jpg,Banana
./data\Banana\54_100.jpg,Banana
./data\Banana\55_100.jpg,Banana
./data\Banana\56_100.jpg,Banana
./data\Banana\57_100.jpg,Banana
./data\Banana\58_100.jpg,Banana
./data\Banana\59_100.jpg,Banana
./data\Banana\5_100.jpg,Banana
./data\Banana\60_100.jpg,Banana
./data\Banana\61_100.jpg,Banana
./data\Banana\62_100.jpg,Banana
./data\Banana\63_100.jpg,Banana
./data\Banana\64_100.jpg,Banana
./data\Banana\65_100.jpg,Banana
./data\Banana\66_100.jpg,Banana
./data\Banana\67_100.jpg,Banana
./data\Banana\68_100.jpg,Banana
./data\Banana\69_100.jpg,Banana
./data\Banana\6_100.jpg,Banana
./data\Banana\70_100.jpg,Banana
./data\Banana\71_100.jpg,Banana
./data\Banana\72_100.jpg,Banana
./data\Banana\73_100.jpg,Banana
./data\Banana\74_100.jpg,Banana
./data\Banana\75_100.jpg,Banana
./data\Banana\76_100.jpg,Banana
./data\Banana\77_100.jpg,Banana
./data\Banana\78_100.jpg,Banana
./data\Banana\79_100.jpg,Banana
./data\Banana\7_100.jpg,Banana
./data\Banana\80_100.jpg,Banana
./data\Banana\81_100.jpg,Banana
./data\Banana\82_100.jpg,Banana
./data\Banana\83_100.jpg,Banana
./data\Banana\84_100.jpg,Banana
./data\Banana\85_100.jpg,Banana
./data\Banana\88_100.jpg,Banana
./data\Banana\89_100.jpg,Banana
./data\Banana\8_100.jpg,Banana
./data\Banana\90_100.jpg,Banana
./data\Banana\91_100.jpg,Banana
./data\Banana\92_100.jpg,Banana
./data\Banana\93_100.jpg,Banana
./data\Banana\94_100.jpg,Banana
./data\Banana\95_100.jpg,Banana
./data\Banana\96_100.jpg,Banana
./data\Banana\97_100.jpg,Banana
./data\Banana\9_100.jpg,Banana
./data\Banana\r_0_100.jpg,Banana
./data\Banana\r_100_100.jpg,Banana
./data\Banana\r_101_100.jpg,Banana
./data\Banana\r_102_100.jpg,Banana
./data\Banana\r_103_100.jpg,Banana
./data\Banana\r_104_100.jpg,Banana
./data\Banana\r_105_100.jpg,Banana
./data\Banana\r_106_100.jpg,Banana
./data\Banana\r_107_100.jpg,Banana
./data\Banana\r_108_100.jpg,Banana
./data\Banana\r_109_100.jpg,Banana
./data\Banana\r_10_100.jpg,Banana
./data\Banana\r_110_100.jpg,Banana
./data\Banana\r_111_100.jpg,Banana
./data\Banana\r_112_100.jpg,Banana
./data\Banana\r_113_100.jpg,Banana
./data\Banana\r_114_100.jpg,Banana
./data\Banana\r_115_100.jpg,Banana
./data\Banana\r_116_100.jpg,Banana
./data\Banana\r_117_100.jpg,Banana
./data\Banana\r_118_100.jpg,Banana
./data\Banana\r_119_100.jpg,Banana
./data\Banana\r_11_100.jpg,Banana
./data\Banana\r_120_100.jpg,Banana
./data\Banana\r_121_100.jpg,Banana
./data\Banana\r_122_100.jpg,Banana
./data\Banana\r_123_100.jpg,Banana
./data\Banana\r_124_100.jpg,Banana
./data\Banana\r_125_100.jpg,Banana
./data\Banana\r_126_100.jpg,Banana
./data\Banana\r_127_100.jpg,Banana
./data\Banana\r_128_100.jpg,Banana
./data\Banana\r_129_100.jpg,Banana
./data\Banana\r_130_100.jpg,Banana
./data\Banana\r_131_100.jpg,Banana
./data\Banana\r_132_100.jpg,Banana
./data\Banana\r_133_100.jpg,Banana
./data\Banana\r_134_100.jpg,Banana
./data\Banana\r_135_100.jpg,Banana
./data\Banana\r_136_100.jpg,Banana
./data\Banana\r_137_100.jpg,Banana
./data\Banana\r_138_100.jpg,Banana
./data\Banana\r_139_100.jpg,Banana
./data\Banana\r_13_100.jpg,Banana
./data\Banana\r_140_100.jpg,Banana
./data\Banana\r_141_100.jpg,Banana
./data\Banana\r_142_100.jpg,Banana
./data\Banana\r_143_100.jpg,Banana
./data\Banana\r_144_100.jpg,Banana
./data\Banana\r_145_100.jpg,Banana
./data\Banana\r_146_100.jpg,Banana
./data\Banana\r_147_100.jpg,Banana
./data\Banana\r_148_100.jpg,Banana
./data\Banana\r_149_100.jpg,Banana
./data\Banana\r_150_100.jpg,Banana
./data\Banana\r_151_100.jpg,Banana
./data\Banana\r_152_100.jpg,Banana
./data\Banana\r_153_100.jpg,Banana
./data\Banana\r_154_100.jpg,Banana
./data\Banana\r_155_100.jpg,Banana
./data\Banana\r_156_100.jpg,Banana
./data\Banana\r_157_100.jpg,Banana
./data\Banana\r_158_100.jpg,Banana
./data\Banana\r_159_100.jpg,Banana
./data\Banana\r_160_100.jpg,Banana
./data\Banana\r_161_100.jpg,Banana
./data\Banana\r_162_100.jpg,Banana
./data\Banana\r_163_100.jpg,Banana
./data\Banana\r_164_100.jpg,Banana
./data\Banana\r_165_100.jpg,Banana
./data\Banana\r_166_100.jpg,Banana
./data\Banana\r_167_100.jpg,Banana
./data\Banana\r_168_100.jpg,Banana
./data\Banana\r_169_100.jpg,Banana
./data\Banana\r_170_100.jpg,Banana
./data\Banana\r_171_100.jpg,Banana
./data\Banana\r_172_100.jpg,Banana
./data\Banana\r_173_100.jpg,Banana
./data\Banana\r_174_100.jpg,Banana
./data\Banana\r_175_100.jpg,Banana
./data\Banana\r_176_100.jpg,Banana
./data\Banana\r_177_100.jpg,Banana
./data\Banana\r_178_100.jpg,Banana
./data\Banana\r_179_100.jpg,Banana
./data\Banana\r_17_100.jpg,Banana
./data\Banana\r_180_100.jpg,Banana
./data\Banana\r_181_100.jpg,Banana
./data\Banana\r_182_100.jpg,Banana
./data\Banana\r_183_100.jpg,Banana
./data\Banana\r_184_100.jpg,Banana
./data\Banana\r_185_100.jpg,Banana
./data\Banana\r_186_100.jpg,Banana
./data\Banana\r_187_100.jpg,Banana
./data\Banana\r_188_100.jpg,Banana
./data\Banana\r_189_100.jpg,Banana
./data\Banana\r_190_100.jpg,Banana
./data\Banana\r_191_100.jpg,Banana
./data\Banana\r_192_100.jpg,Banana
./data\Banana\r_193_100.jpg,Banana
./data\Banana\r_194_100.jpg,Banana
./data\Banana\r_195_100.jpg,Banana
./data\Banana\r_196_100.jpg,Banana
./data\Banana\r_197_100.jpg,Banana
./data\Banana\r_198_100.jpg,Banana
./data\Banana\r_199_100.jpg,Banana
./data\Banana\r_1_100.jpg,Banana
./data\Banana\r_200_100.jpg,Banana
./data\Banana\r_201_100.jpg,Banana
./data\Banana\r_202_100.jpg,Banana
./data\Banana\r_203_100.jpg,Banana
./data\Banana\r_204_100.jpg,Banana
./data\Banana\r_205_100.jpg,Banana
./data\Banana\r_206_100.jpg,Banana
./data\Banana\r_208_100.jpg,Banana
./data\Banana\r_209_100.jpg,Banana
./data\Banana\r_20_100.jpg,Banana
./data\Banana\r_210_100.jpg,Banana
./data\Banana\r_211_100.jpg,Banana
./data\Banana\r_212_100.jpg,Banana
./data\Banana\r_214_100.jpg,Banana
./data\Banana\r_217_100.jpg,Banana
./data\Banana\r_218_100.jpg,Banana
./data\Banana\r_219_100.jpg,Banana
./data\Banana\r_21_100.jpg,Banana
./data\Banana\r_220_100.jpg,Banana
./data\Banana\r_221_100.jpg,Banana
./data\Banana\r_222_100.jpg,Banana
./data\Banana\r_224_100.jpg,Banana
./data\Banana\r_225_100.jpg,Banana
./data\Banana\r_22_100.jpg,Banana
./data\Banana\r_247_100.jpg,Banana
./data\Banana\r_248_100.jpg,Banana
./data\Banana\r_249_100.jpg,Banana
./data\Banana\r_250_100.jpg,Banana
./data\Banana\r_251_100.jpg,Banana
./data\Banana\r_252_100.jpg,Banana
./data\Banana\r_253_100.jpg,Banana
./data\Banana\r_254_100.jpg,Banana
./data\Banana\r_255_100.jpg,Banana
./data\Banana\r_256_100.jpg,Banana
./data\Banana\r_257_100.jpg,Banana
./data\Banana\r_258_100.jpg,Banana
./data\Banana\r_259_100.jpg,Banana
./data\Banana\r_260_100.jpg,Banana
./data\Banana\r_261_100.jpg,Banana
./data\Banana\r_262_100.jpg,Banana
./data\Banana\r_263_100.jpg,Banana
./data\Banana\r_264_100.jpg,Banana
./data\Banana\r_265_100.jpg,Banana
./data\Banana\r_266_100.jpg,Banana
./data\Banana\r_267_100.jpg,Banana
./data\Banana\r_268_100.jpg,Banana
./data\Banana\r_269_100.jpg,Banana
./data\Banana\r_26_100.jpg,Banana
./data\Banana\r_270_100.jpg,Banana
./data\Banana\r_271_100.jpg,Banana
./data\Banana\r_272_100.jpg,Banana
./data\Banana\r_273_100.jpg,Banana
./data\Banana\r_274_100.jpg,Banana
./data\Banana\r_275_100.jpg,Banana
./data\Banana\r_276_100.jpg,Banana
./data\Banana\r_277_100.jpg,Banana
./data\Banana\r_278_100.jpg,Banana
./data\Banana\r_279_100.jpg,Banana
./data\Banana\r_27_100.jpg,Banana
./data\Banana\r_280_100.jpg,Banana
./data\Banana\r_281_100.jpg,Banana
./data\Banana\r_282_100.jpg,Banana
./data\Banana\r_283_100.jpg,Banana
./data\Banana\r_284_100.jpg,Banana
./data\Banana\r_285_100.jpg,Banana
./data\Banana\r_286_100.jpg,Banana
./data\Banana\r_287_100.jpg,Banana
./data\Banana\r_288_100.jpg,Banana
./data\Banana\r_289_100.jpg,Banana
./data\Banana\r_290_100.jpg,Banana
./data\Banana\r_291_100.jpg,Banana
./data\Banana\r_292_100.jpg,Banana
./data\Banana\r_293_100.jpg,Banana
./data\Banana\r_294_100.jpg,Banana
./data\Banana\r_295_100.jpg,Banana
./data\Banana\r_296_100.jpg,Banana
./data\Banana\r_297_100.jpg,Banana
./data\Banana\r_298_100.jpg,Banana
./data\Banana\r_299_100.jpg,Banana
./data\Banana\r_2_100.jpg,Banana
./data\Banana\r_300_100.jpg,Banana
./data\Banana\r_301_100.jpg,Banana
./data\Banana\r_302_100.jpg,Banana
./data\Banana\r_303_100.jpg,Banana
./data\Banana\r_304_100.jpg,Banana
./data\Banana\r_305_100.jpg,Banana
./data\Banana\r_306_100.jpg,Banana
./data\Banana\r_307_100.jpg,Banana
./data\Banana\r_308_100.jpg,Banana
./data\Banana\r_309_100.jpg,Banana
./data\Banana\r_310_100.jpg,Banana
./data\Banana\r_311_100.jpg,Banana
./data\Banana\r_312_100.jpg,Banana
./data\Banana\r_313_100.jpg,Banana
./data\Banana\r_314_100.jpg,Banana
./data\Banana\r_315_100.jpg,Banana
./data\Banana\r_318_100.jpg,Banana
./data\Banana\r_322_100.jpg,Banana
./data\Banana\r_323_100.jpg,Banana
./data\Banana\r_324_100.jpg,Banana
./data\Banana\r_3_100.jpg,Banana
./data\Banana\r_4_100.jpg,Banana
./data\Banana\r_53_100.jpg,Banana
./data\Banana\r_55_100.jpg,Banana
./data\Banana\r_58_100.jpg,Banana
./data\Banana\r_5_100.jpg,Banana
./data\Banana\r_62_100.jpg,Banana
./data\Banana\r_64_100.jpg,Banana
./data\Banana\r_65_100.jpg,Banana
./data\Banana\r_6_100.jpg,Banana
./data\Banana\r_74_100.jpg,Banana
./data\Banana\r_75_100.jpg,Banana
./data\Banana\r_76_100.jpg,Banana
./data\Banana\r_77_100.jpg,Banana
./data\Banana\r_78_100.jpg,Banana
./data\Banana\r_79_100.jpg,Banana
./data\Banana\r_7_100.jpg,Banana
./data\Banana\r_80_100.jpg,Banana
./data\Banana\r_81_100.jpg,Banana
./data\Banana\r_82_100.jpg,Banana
./data\Banana\r_83_100.jpg,Banana
./data\Banana\r_84_100.jpg,Banana
./data\Banana\r_85_100.jpg,Banana
./data\Banana\r_86_100.jpg,Banana
./data\Banana\r_87_100.jpg,Banana
./data\Banana\r_88_100.jpg,Banana
./data\Banana\r_89_100.jpg,Banana
./data\Banana\r_8_100.jpg,Banana
./data\Banana\r_90_100.jpg,Banana
./data\Banana\r_91_100.jpg,Banana
./data\Banana\r_92_100.jpg,Banana
./data\Banana\r_93_100.jpg,Banana
./data\Banana\r_94_100.jpg,Banana
./data\Banana\r_95_100.jpg,Banana
./data\Banana\r_96_100.jpg,Banana
./data\Banana\r_97_100.jpg,Banana
./data\Banana\r_98_100.jpg,Banana
./data\Banana\r_99_100.jpg,Banana
./data\Banana\r_9_100.jpg,Banana
./data\Corn\0_100.jpg,Corn
./data\Corn\101_100.jpg,Corn
./data\Corn\102_100.jpg,Corn
./data\Corn\103_100.jpg,Corn
./data\Corn\106_100.jpg,Corn
./data\Corn\107_100.jpg,Corn
./data\Corn\108_100.jpg,Corn
./data\Corn\109_100.jpg,Corn
./data\Corn\10_100.jpg,Corn
./data\Corn\110_100.jpg,Corn
./data\Corn\111_100.jpg,Corn
./data\Corn\112_100.jpg,Corn
./data\Corn\113_100.jpg,Corn
./data\Corn\114_100.jpg,Corn
./data\Corn\115_100.jpg,Corn
./data\Corn\116_100.jpg,Corn
./data\Corn\117_100.jpg,Corn
./data\Corn\118_100.jpg,Corn
./data\Corn\119_100.jpg,Corn
./data\Corn\11_100.jpg,Corn
./data\Corn\120_100.jpg,Corn
./data\Corn\121_100.jpg,Corn
./data\Corn\122_100.jpg,Corn
./data\Corn\123_100.jpg,Corn
./data\Corn\124_100.jpg,Corn
./data\Corn\125_100.jpg,Corn
./data\Corn\126_100.jpg,Corn
./data\Corn\127_100.jpg,Corn
./data\Corn\128_100.jpg,Corn
./data\Corn\129_100.jpg,Corn
./data\Corn\12_100.jpg,Corn
./data\Corn\130_100.jpg,Corn
./data\Corn\131_100.jpg,Corn
./data\Corn\132_100.jpg,Corn
./data\Corn\133_100.jpg,Corn
./data\Corn\134_100.jpg,Corn
./data\Corn\135_100.jpg,Corn
./data\Corn\136_100.jpg,Corn
./data\Corn\137_100.jpg,Corn
./data\Corn\138_100.jpg,Corn
./data\Corn\139_100.jpg,Corn
./data\Corn\13_100.jpg,Corn
./data\Corn\140_100.jpg,Corn
./data\Corn\141_100.jpg,Corn
./data\Corn\142_100.jpg,Corn
./data\Corn\143_100.jpg,Corn
./data\Corn\144_100.jpg,Corn
./data\Corn\145_100.jpg,Corn
./data\Corn\146_100.jpg,Corn
./data\Corn\147_100.jpg,Corn
./data\Corn\148_100.jpg,Corn
./data\Corn\149_100.jpg,Corn
./data\Corn\14_100.jpg,Corn
./data\Corn\151_100.jpg,Corn
./data\Corn\152_100.jpg,Corn
./data\Corn\153_100.jpg,Corn
./data\Corn\154_100.jpg,Corn
./data\Corn\155_100.jpg,Corn
./data\Corn\156_100.jpg,Corn
./data\Corn\157_100.jpg,Corn
./data\Corn\159_100.jpg,Corn
./data\Corn\15_100.jpg,Corn
./data\Corn\160_100.jpg,Corn
./data\Corn\165_100.jpg,Corn
./data\Corn\166_100.jpg,Corn
./data\Corn\169_100.jpg,Corn
./data\Corn\16_100.jpg,Corn
./data\Corn\170_100.jpg,Corn
./data\Corn\172_100.jpg,Corn
./data\Corn\177_100.jpg,Corn
./data\Corn\179_100.jpg,Corn
./data\Corn\17_100.jpg,Corn
./data\Corn\180_100.jpg,Corn
./data\Corn\181_100.jpg,Corn
./data\Corn\182_100.jpg,Corn
./data\Corn\183_100.jpg,Corn
./data\Corn\184_100.jpg,Corn
./data\Corn\185_100.jpg,Corn
./data\Corn\186_100.jpg,Corn
./data\Corn\187_100.jpg,Corn
./data\Corn\188_100.jpg,Corn
./data\Corn\189_100.jpg,Corn
./data\Corn\18_100.jpg,Corn
./data\Corn\190_100.jpg,Corn
./data\Corn\191_100.jpg,Corn
./data\Corn\192_100.jpg,Corn
./data\Corn\193_100.jpg,Corn
./data\Corn\194_100.jpg,Corn
./data\Corn\195_100.jpg,Corn
./data\Corn\196_100.jpg,Corn
./data\Corn\197_100.jpg,Corn
./data\Corn\198_100.jpg,Corn
./data\Corn\199_100.jpg,Corn
./data\Corn\1_100.jpg,Corn
./data\Corn\27_100.jpg,Corn
./data\Corn\28_100.jpg,Corn
./data\Corn\30_100.jpg,Corn
./data\Corn\31_100.jpg,Corn
./data\Corn\36_100.jpg,Corn
./data\Corn\37_100.jpg,Corn
./data\Corn\38_100.jpg,Corn
./data\Corn\39_100.jpg,Corn
./data\Corn\3_100.jpg,Corn
./data\Corn\40_100.jpg,Corn
./data\Corn\42_100.jpg,Corn
./data\Corn\43_100.jpg,Corn
./data\Corn\44_100.jpg,Corn
./data\Corn\45_100.jpg,Corn
./data\Corn\46_100.jpg,Corn
./data\Corn\49_100.jpg,Corn
./data\Corn\4_100.jpg,Corn
./data\Corn\50_100.jpg,Corn
./data\Corn\52_100.jpg,Corn
./data\Corn\56_100.jpg,Corn
./data\Corn\58_100.jpg,Corn
./data\Corn\5_100.jpg,Corn
./data\Corn\60_100.jpg,Corn
./data\Corn\62_100.jpg,Corn
./data\Corn\64_100.jpg,Corn
./data\Corn\69_100.jpg,Corn
./data\Corn\6_100.jpg,Corn
./data\Corn\70_100.jpg,Corn
./data\Corn\71_100.jpg,Corn
./data\Corn\73_100.jpg,Corn
./data\Corn\74_100.jpg,Corn
./data\Corn\75_100.jpg,Corn
./data\Corn\76_100.jpg,Corn
./data\Corn\77_100.jpg,Corn
./data\Corn\79_100.jpg,Corn
./data\Corn\7_100.jpg,Corn
./data\Corn\80_100.jpg,Corn
./data\Corn\82_100.jpg,Corn
./data\Corn\83_100.jpg,Corn
./data\Corn\84_100.jpg,Corn
./data\Corn\85_100.jpg,Corn
./data\Corn\86_100.jpg,Corn
./data\Corn\87_100.jpg,Corn
./data\Corn\88_100.jpg,Corn
./data\Corn\89_100.jpg,Corn
./data\Corn\8_100.jpg,Corn
./data\Corn\90_100.jpg,Corn
./data\Corn\91_100.jpg,Corn
./data\Corn\92_100.jpg,Corn
./data\Corn\93_100.jpg,Corn
./data\Corn\94_100.jpg,Corn
./data\Corn\95_100.jpg,Corn
./data\Corn\96_100.jpg,Corn
./data\Corn\97_100.jpg,Corn
./data\Corn\98_100.jpg,Corn
./data\Corn\99_100.jpg,Corn
./data\Corn\r2_0_100.jpg,Corn
./data\Corn\r2_100_100.jpg,Corn
./data\Corn\r2_101_100.jpg,Corn
./data\Corn\r2_102_100.jpg,Corn
./data\Corn\r2_103_100.jpg,Corn
./data\Corn\r2_104_100.jpg,Corn
./data\Corn\r2_105_100.jpg,Corn
./data\Corn\r2_106_100.jpg,Corn
./data\Corn\r2_107_100.jpg,Corn
./data\Corn\r2_108_100.jpg,Corn
./data\Corn\r2_109_100.jpg,Corn
./data\Corn\r2_10_100.jpg,Corn
./data\Corn\r2_110_100.jpg,Corn
./data\Corn\r2_111_100.jpg,Corn
./data\Corn\r2_112_100.jpg,Corn
./data\Corn\r2_113_100.jpg,Corn
./data\Corn\r2_114_100.jpg,Corn
./data\Corn\r2_115_100.jpg,Corn
./data\Corn\r2_116_100.jpg,Corn
./data\Corn\r2_117_100.jpg,Corn
./data\Corn\r2_118_100.jpg,Corn
./data\Corn\r2_119_100.jpg,Corn
./data\Corn\r2_11_100.jpg,Corn
./data\Corn\r2_120_100.jpg,Corn
./data\Corn\r2_121_100.jpg,Corn
./data\Corn\r2_122_100.jpg,Corn
./data\Corn\r2_123_100.jpg,Corn
./data\Corn\r2_124_100.jpg,Corn
./data\Corn\r2_125_100.jpg,Corn
./data\Corn\r2_126_100.jpg,Corn
./data\Corn\r2_127_100.jpg,Corn
./data\Corn\r2_128_100.jpg,Corn
./data\Corn\r2_129_100.jpg,Corn
./data\Corn\r2_12_100.jpg,Corn
./data\Corn\r2_130_100.jpg,Corn
./data\Corn\r2_131_100.jpg,Corn
./data\Corn\r2_132_100.jpg,Corn
./data\Corn\r2_133_100.jpg,Corn
./data\Corn\r2_134_100.jpg,Corn
./data\Corn\r2_135_100.jpg,Corn
./data\Corn\r2_136_100.jpg,Corn
./data\Corn\r2_137_100.jpg,Corn
./data\Corn\r2_138_100.jpg,Corn
./data\Corn\r2_139_100.jpg,Corn
./data\Corn\r2_13_100.jpg,Corn
./data\Corn\r2_140_100.jpg,Corn
./data\Corn\r2_141_100.jpg,Corn
./data\Corn\r2_142_100.jpg,Corn
./data\Corn\r2_143_100.jpg,Corn
./data\Corn\r2_144_100.jpg,Corn
./data\Corn\r2_145_100.jpg,Corn
./data\Corn\r2_146_100.jpg,Corn
./data\Corn\r2_147_100.jpg,Corn
./data\Corn\r2_148_100.jpg,Corn
./data\Corn\r2_149_100.jpg,Corn
./data\Corn\r2_14_100.jpg,Corn
./data\Corn\r2_150_100.jpg,Corn
./data\Corn\r2_151_100.jpg,Corn
./data\Corn\r2_152_100.jpg,Corn
./data\Corn\r2_15_100.jpg,Corn
./data\Corn\r2_16_100.jpg,Corn
./data\Corn\r2_176_100.jpg,Corn
./data\Corn\r2_177_100.jpg,Corn
./data\Corn\r2_178_100.jpg,Corn
./data\Corn\r2_179_100.jpg,Corn
./data\Corn\r2_17_100.jpg,Corn
./data\Corn\r2_180_100.jpg,Corn
./data\Corn\r2_181_100.jpg,Corn
./data\Corn\r2_182_100.jpg,Corn
./data\Corn\r2_183_100.jpg,Corn
./data\Corn\r2_184_100.jpg,Corn
./data\Corn\r2_185_100.jpg,Corn
./data\Corn\r2_186_100.jpg,Corn
./data\Corn\r2_187_100.jpg,Corn
./data\Corn\r2_188_100.jpg,Corn
./data\Corn\r2_189_100.jpg,Corn
./data\Corn\r2_18_100.jpg,Corn
./data\Corn\r2_190_100.jpg,Corn
./data\Corn\r2_191_100.jpg,Corn
./data\Corn\r2_192_100.jpg,Corn
./data\Corn\r2_193_100.jpg,Corn
./data\Corn\r2_194_100.jpg,Corn
./data\Corn\r2_195_100.jpg,Corn
./data\Corn\r2_196_100.jpg,Corn
./data\Corn\r2_197_100.jpg,Corn
./data\Corn\r2_198_100.jpg,Corn
./data\Corn\r2_199_100.jpg,Corn
./data\Corn\r2_19_100.jpg,Corn
./data\Corn\r2_1_100.jpg,Corn
./data\Corn\r2_20_100.jpg,Corn
./data\Corn\r2_21_100.jpg,Corn
./data\Corn\r2_22_100.jpg,Corn
./data\Corn\r2_23_100.jpg,Corn
./data\Corn\r2_24_100.jpg,Corn
./data\Corn\r2_25_100.jpg,Corn
./data\Corn\r2_26_100.jpg,Corn
./data\Corn\r2_27_100.jpg,Corn
./data\Corn\r2_28_100.jpg,Corn
./data\Corn\r2_29_100.jpg,Corn
./data\Corn\r2_2_100.jpg,Corn
./data\Corn\r2_30_100.jpg,Corn
./data\Corn\r2_31_100.jpg,Corn
./data\Corn\r2_32_100.jpg,Corn
./data\Corn\r2_33_100.jpg,Corn
./data\Corn\r2_34_100.jpg,Corn
./data\Corn\r2_35_100.jpg,Corn
./data\Corn\r2_36_100.jpg,Corn
./data\Corn\r2_37_100.jpg,Corn
./data\Corn\r2_38_100.jpg,Corn
./data\Corn\r2_39_100.jpg,Corn
./data\Corn\r2_3_100.jpg,Corn
./data\Corn\r2_40_100.jpg,Corn
./data\Corn\r2_41_100.jpg,Corn
./data\Corn\r2_42_100.jpg,Corn
./data\Corn\r2_43_100.jpg,Corn
./data\Corn\r2_44_100.jpg,Corn
./data\Corn\r2_45_100.jpg,Corn
./data\Corn\r2_46_100.jpg,Corn
./data\Corn\r2_47_100.jpg,Corn
./data\Corn\r2_48_100.jpg,Corn
./data\Corn\r2_49_100.jpg,Corn
./data\Corn\r2_4_100.jpg,Corn
./data\Corn\r2_50_100.jpg,Corn
./data\Corn\r2_51_100.jpg,Corn
./data\Corn\r2_5_100.jpg,Corn
./data\Corn\r2_6_100.jpg,Corn
./data\Corn\r2_79_100.jpg,Corn
./data\Corn\r2_7_100.jpg,Corn
./data\Corn\r2_80_100.jpg,Corn
./data\Corn\r2_81_100.jpg,Corn
./data\Corn\r2_82_100.jpg,Corn
./data\Corn\r2_83_100.jpg,Corn
./data\Corn\r2_84_100.jpg,Corn
./data\Corn\r2_85_100.jpg,Corn
./data\Corn\r2_86_100.jpg,Corn
./data\Corn\r2_87_100.jpg,Corn
./data\Corn\r2_88_100.jpg,Corn
./data\Corn\r2_89_100.jpg,Corn
./data\Corn\r2_8_100.jpg,Corn
./data\Corn\r2_90_100.jpg,Corn
./data\Corn\r2_91_100.jpg,Corn
./data\Corn\r2_92_100.jpg,Corn
./data\Corn\r2_93_100.jpg,Corn
./data\Corn\r2_94_100.jpg,Corn
./data\Corn\r2_95_100.jpg,Corn
./data\Corn\r2_96_100.jpg,Corn
./data\Corn\r2_97_100.jpg,Corn
./data\Corn\r2_98_100.jpg,Corn
./data\Corn\r2_99_100.jpg,Corn
./data\Corn\r2_9_100.jpg,Corn
./data\Corn\r_0_100.jpg,Corn
./data\Corn\r_100_100.jpg,Corn
./data\Corn\r_101_100.jpg,Corn
./data\Corn\r_102_100.jpg,Corn
./data\Corn\r_103_100.jpg,Corn
./data\Corn\r_104_100.jpg,Corn
./data\Corn\r_105_100.jpg,Corn
./data\Corn\r_106_100.jpg,Corn
./data\Corn\r_107_100.jpg,Corn
./data\Corn\r_108_100.jpg,Corn
./data\Corn\r_109_100.jpg,Corn
./data\Corn\r_10_100.jpg,Corn
./data\Corn\r_110_100.jpg,Corn
./data\Corn\r_111_100.jpg,Corn
./data\Corn\r_112_100.jpg,Corn
./data\Corn\r_113_100.jpg,Corn
./data\Corn\r_114_100.jpg,Corn
./data\Corn\r_115_100.jpg,Corn
./data\Corn\r_116_100.jpg,Corn
./data\Corn\r_117_100.jpg,Corn
./data\Corn\r_118_100.jpg,Corn
./data\Corn\r_119_100.jpg,Corn
./data\Corn\r_11_100.jpg,Corn
./data\Corn\r_120_100.jpg,Corn
./data\Corn\r_121_100.jpg,Corn
./data\Corn\r_122_100.jpg,Corn
./data\Corn\r_123_100.jpg,Corn
./data\Corn\r_124_100.jpg,Corn
./data\Corn\r_125_100.jpg,Corn
./data\Corn\r_126_100.jpg,Corn
./data\Corn\r_127_100.jpg,Corn
./data\Corn\r_128_100.jpg,Corn
./data\Corn\r_129_100.jpg,Corn
./data\Corn\r_12_100.jpg,Corn
./data\Corn\r_130_100.jpg,Corn
./data\Corn\r_131_100.jpg,Corn
./data\Corn\r_132_100.jpg,Corn
./data\Corn\r_133_100.jpg,Corn
./data\Corn\r_134_100.jpg,Corn
./data\Corn\r_135_100.jpg,Corn
./data\Corn\r_136_100.jpg,Corn
./data\Corn\r_137_100.jpg,Corn
./data\Corn\r_138_100.jpg,Corn
./data\Corn\r_139_100.jpg,Corn
./data\Corn\r_13_100.jpg,Corn
./data\Corn\r_14_100.jpg,Corn
./data\Corn\r_15_100.jpg,Corn
./data\Corn\r_168_100.jpg,Corn
./data\Corn\r_169_100.jpg,Corn
./data\Corn\r_16_100.jpg,Corn
./data\Corn\r_170_100.jpg,Corn
./data\Corn\r_171_100.jpg,Corn
./data\Corn\r_172_100.jpg,Corn
./data\Corn\r_173_100.jpg,Corn
./data\Corn\r_174_100.jpg,Corn
./data\Corn\r_175_100.jpg,Corn
./data\Corn\r_176_100.jpg,Corn
./data\Corn\r_177_100.jpg,Corn
./data\Corn\r_178_100.jpg,Corn
./data\Corn\r_179_100.jpg,Corn
./data\Corn\r_17_100.jpg,Corn
./data\Corn\r_180_100.jpg,Corn
./data\Corn\r_181_100.jpg,Corn
./data\Corn\r_182_100.jpg,Corn
./data\Corn\r_183_100.jpg,Corn
./data\Corn\r_184_100.jpg,Corn
./data\Corn\r_185_100.jpg,Corn
./data\Corn\r_186_100.jpg,Corn
./data\Corn\r_187_100.jpg,Corn
./data\Corn\r_188_100.jpg,Corn
./data\Corn\r_189_100.jpg,Corn
./data\Corn\r_18_100.jpg,Corn
./data\Corn\r_190_100.jpg,Corn
./data\Corn\r_191_100.jpg,Corn
./data\Corn\r_192_100.jpg,Corn
./data\Corn\r_193_100.jpg,Corn
./data\Corn\r_194_100.jpg,Corn
./data\Corn\r_195_100.jpg,Corn
./data\Corn\r_196_100.jpg,Corn
./data\Corn\r_197_100.jpg,Corn
./data\Corn\r_198_100.jpg,Corn
./data\Corn\r_199_100.jpg,Corn
./data\Corn\r_19_100.jpg,Corn
./data\Corn\r_1_100.jpg,Corn
./data\Corn\r_20_100.jpg,Corn
./data\Corn\r_21_100.jpg,Corn
./data\Corn\r_22_100.jpg,Corn
./data\Corn\r_23_100.jpg,Corn
./data\Corn\r_24_100.jpg,Corn
./data\Corn\r_25_100.jpg,Corn
./data\Corn\r_26_100.jpg,Corn
./data\Corn\r_27_100.jpg,Corn
./data\Corn\r_28_100.jpg,Corn
./data\Corn\r_29_100.jpg,Corn
./data\Corn\r_2_100.jpg,Corn
./data\Corn\r_30_100.jpg,Corn
./data\Corn\r_31_100.jpg,Corn
./data\Corn\r_32_100.jpg,Corn
./data\Corn\r_33_100.jpg,Corn
./data\Corn\r_34_100.jpg,Corn
./data\Corn\r_35_100.jpg,Corn
./data\Corn\r_36_100.jpg,Corn
./data\Corn\r_37_100.jpg,Corn
./data\Corn\r_38_100.jpg,Corn
./data\Corn\r_39_100.jpg,Corn
./data\Corn\r_3_100.jpg,Corn
./data\Corn\r_40_100.jpg,Corn
./data\Corn\r_41_100.jpg,Corn
./data\Corn\r_42_100.jpg,Corn
./data\Corn\r_43_100.jpg,Corn
./data\Corn\r_44_100.jpg,Corn
./data\Corn\r_45_100.jpg,Corn
./data\Corn\r_46_100.jpg,Corn
./data\Corn\r_4_100.jpg,Corn
./data\Corn\r_5_100.jpg,Corn
./data\Corn\r_69_100.jpg,Corn
./data\Corn\r_6_100.jpg,Corn
./data\Corn\r_70_100.jpg,Corn
./data\Corn\r_71_100.jpg,Corn
./data\Corn\r_72_100.jpg,Corn
./data\Corn\r_73_100.jpg,Corn
./data\Corn\r_74_100.jpg,Corn
./data\Corn\r_75_100.jpg,Corn
./data\Corn\r_76_100.jpg,Corn
./data\Corn\r_77_100.jpg,Corn
./data\Corn\r_78_100.jpg,Corn
./data\Corn\r_79_100.jpg,Corn
./data\Corn\r_7_100.jpg,Corn
./data\Corn\r_80_100.jpg,Corn
./data\Corn\r_81_100.jpg,Corn
./data\Corn\r_82_100.jpg,Corn
./data\Corn\r_83_100.jpg,Corn
./data\Corn\r_84_100.jpg,Corn
./data\Corn\r_85_100.jpg,Corn
./data\Corn\r_86_100.jpg,Corn
./data\Corn\r_87_100.jpg,Corn
./data\Corn\r_88_100.jpg,Corn
./data\Corn\r_89_100.jpg,Corn
./data\Corn\r_8_100.jpg,Corn
./data\Corn\r_90_100.jpg,Corn
./data\Corn\r_91_100.jpg,Corn
./data\Corn\r_92_100.jpg,Corn
./data\Corn\r_93_100.jpg,Corn
./data\Corn\r_94_100.jpg,Corn
./data\Corn\r_95_100.jpg,Corn
./data\Corn\r_96_100.jpg,Corn
./data\Corn\r_97_100.jpg,Corn
./data\Corn\r_98_100.jpg,Corn
./data\Corn\r_99_100.jpg,Corn
./data\Corn\r_9_100.jpg,Corn
./data\Watermelon\0_100.jpg,Watermelon
./data\Watermelon\100_100.jpg,Watermelon
./data\Watermelon\101_100.jpg,Watermelon
./data\Watermelon\102_100.jpg,Watermelon
./data\Watermelon\103_100.jpg,Watermelon
./data\Watermelon\104_100.jpg,Watermelon
./data\Watermelon\105_100.jpg,Watermelon
./data\Watermelon\106_100.jpg,Watermelon
./data\Watermelon\107_100.jpg,Watermelon
./data\Watermelon\108_100.jpg,Watermelon
./data\Watermelon\109_100.jpg,Watermelon
./data\Watermelon\10_100.jpg,Watermelon
./data\Watermelon\110_100.jpg,Watermelon
./data\Watermelon\111_100.jpg,Watermelon
./data\Watermelon\112_100.jpg,Watermelon
./data\Watermelon\113_100.jpg,Watermelon
./data\Watermelon\114_100.jpg,Watermelon
./data\Watermelon\115_100.jpg,Watermelon
./data\Watermelon\116_100.jpg,Watermelon
./data\Watermelon\117_100.jpg,Watermelon
./data\Watermelon\118_100.jpg,Watermelon
./data\Watermelon\119_100.jpg,Watermelon
./data\Watermelon\11_100.jpg,Watermelon
./data\Watermelon\120_100.jpg,Watermelon
./data\Watermelon\121_100.jpg,Watermelon
./data\Watermelon\122_100.jpg,Watermelon
./data\Watermelon\123_100.jpg,Watermelon
./data\Watermelon\124_100.jpg,Watermelon
./data\Watermelon\127_100.jpg,Watermelon
./data\Watermelon\128_100.jpg,Watermelon
./data\Watermelon\12_100.jpg,Watermelon
./data\Watermelon\13_100.jpg,Watermelon
./data\Watermelon\140_100.jpg,Watermelon
./data\Watermelon\141_100.jpg,Watermelon
./data\Watermelon\145_100.jpg,Watermelon
./data\Watermelon\147_100.jpg,Watermelon
./data\Watermelon\149_100.jpg,Watermelon
./data\Watermelon\14_100.jpg,Watermelon
./data\Watermelon\154_100.jpg,Watermelon
./data\Watermelon\155_100.jpg,Watermelon
./data\Watermelon\156_100.jpg,Watermelon
./data\Watermelon\157_100.jpg,Watermelon
./data\Watermelon\158_100.jpg,Watermelon
./data\Watermelon\159_100.jpg,Watermelon
./data\Watermelon\15_100.jpg,Watermelon
./data\Watermelon\160_100.jpg,Watermelon
./data\Watermelon\161_100.jpg,Watermelon
./data\Watermelon\162_100.jpg,Watermelon
./data\Watermelon\163_100.jpg,Watermelon
./data\Watermelon\164_100.jpg,Watermelon
./data\Watermelon\165_100.jpg,Watermelon
./data\Watermelon\166_100.jpg,Watermelon
./data\Watermelon\167_100.jpg,Watermelon
./data\Watermelon\168_100.jpg,Watermelon
./data\Watermelon\169_100.jpg,Watermelon
./data\Watermelon\16_100.jpg,Watermelon
./data\Watermelon\170_100.jpg,Watermelon
./data\Watermelon\171_100.jpg,Watermelon
./data\Watermelon\172_100.jpg,Watermelon
./data\Watermelon\173_100.jpg,Watermelon
./data\Watermelon\174_100.jpg,Watermelon
./data\Watermelon\175_100.jpg,Watermelon
./data\Watermelon\177_100.jpg,Watermelon
./data\Watermelon\179_100.jpg,Watermelon
./data\Watermelon\17_100.jpg,Watermelon
./data\Watermelon\180_100.jpg,Watermelon
./data\Watermelon\181_100.jpg,Watermelon
./data\Watermelon\182_100.jpg,Watermelon
./data\Watermelon\184_100.jpg,Watermelon
./data\Watermelon\187_100.jpg,Watermelon
./data\Watermelon\18_100.jpg,Watermelon
./data\Watermelon\190_100.jpg,Watermelon
./data\Watermelon\191_100.jpg,Watermelon
./data\Watermelon\192_100.jpg,Watermelon
./data\Watermelon\193_100.jpg,Watermelon
./data\Watermelon\194_100.jpg,Watermelon
./data\Watermelon\195_100.jpg,Watermelon
./data\Watermelon\196_100.jpg,Watermelon
./data\Watermelon\197_100.jpg,Watermelon
./data\Watermelon\198_100.jpg,Watermelon
./data\Watermelon\199_100.jpg,Watermelon
./data\Watermelon\19_100.jpg,Watermelon
./data\Watermelon\1_100.jpg,Watermelon
./data\Watermelon\200_100.jpg,Watermelon
./data\Watermelon\204_100.jpg,Watermelon
./data\Watermelon\208_100.jpg,Watermelon
./data\Watermelon\20_100.jpg,Watermelon
./data\Watermelon\210_100.jpg,Watermelon
./data\Watermelon\211_100.jpg,Watermelon
./data\Watermelon\212_100.jpg,Watermelon
./data\Watermelon\214_100.jpg,Watermelon
./data\Watermelon\215_100.jpg,Watermelon
./data\Watermelon\216_100.jpg,Watermelon
./data\Watermelon\217_100.jpg,Watermelon
./data\Watermelon\218_100.jpg,Watermelon
./data\Watermelon\219_100.jpg,Watermelon
./data\Watermelon\21_100.jpg,Watermelon
./data\Watermelon\220_100.jpg,Watermelon
./data\Watermelon\221_100.jpg,Watermelon
./data\Watermelon\222_100.jpg,Watermelon
./data\Watermelon\223_100.jpg,Watermelon
./data\Watermelon\224_100.jpg,Watermelon
./data\Watermelon\225_100.jpg,Watermelon
./data\Watermelon\226_100.jpg,Watermelon
./data\Watermelon\227_100.jpg,Watermelon
./data\Watermelon\228_100.jpg,Watermelon
./data\Watermelon\229_100.jpg,Watermelon
./data\Watermelon\22_100.jpg,Watermelon
./data\Watermelon\231_100.jpg,Watermelon
./data\Watermelon\232_100.jpg,Watermelon
./data\Watermelon\233_100.jpg,Watermelon
./data\Watermelon\234_100.jpg,Watermelon
./data\Watermelon\236_100.jpg,Watermelon
./data\Watermelon\239_100.jpg,Watermelon
./data\Watermelon\23_100.jpg,Watermelon
./data\Watermelon\240_100.jpg,Watermelon
./data\Watermelon\241_100.jpg,Watermelon
./data\Watermelon\242_100.jpg,Watermelon
./data\Watermelon\243_100.jpg,Watermelon
./data\Watermelon\245_100.jpg,Watermelon
./data\Watermelon\246_100.jpg,Watermelon
./data\Watermelon\247_100.jpg,Watermelon
./data\Watermelon\248_100.jpg,Watermelon
./data\Watermelon\24_100.jpg,Watermelon
./data\Watermelon\250_100.jpg,Watermelon
./data\Watermelon\251_100.jpg,Watermelon
./data\Watermelon\252_100.jpg,Watermelon
./data\Watermelon\25_100.jpg,Watermelon
./data\Watermelon\26_100.jpg,Watermelon
./data\Watermelon\278_100.jpg,Watermelon
./data\Watermelon\27_100.jpg,Watermelon
./data\Watermelon\285_100.jpg,Watermelon
./data\Watermelon\289_100.jpg,Watermelon
./data\Watermelon\28_100.jpg,Watermelon
./data\Watermelon\291_100.jpg,Watermelon
./data\Watermelon\292_100.jpg,Watermelon
./data\Watermelon\293_100.jpg,Watermelon
./data\Watermelon\294_100.jpg,Watermelon
./data\Watermelon\295_100.jpg,Watermelon
./data\Watermelon\297_100.jpg,Watermelon
./data\Watermelon\298_100.jpg,Watermelon
./data\Watermelon\299_100.jpg,Watermelon
./data\Watermelon\29_100.jpg,Watermelon
./data\Watermelon\2_100.jpg,Watermelon
./data\Watermelon\300_100.jpg,Watermelon
./data\Watermelon\301_100.jpg,Watermelon
./data\Watermelon\302_100.jpg,Watermelon
./data\Watermelon\303_100.jpg,Watermelon
./data\Watermelon\304_100.jpg,Watermelon
./data\Watermelon\305_100.jpg,Watermelon
./data\Watermelon\306_100.jpg,Watermelon
./data\Watermelon\307_100.jpg,Watermelon
./data\Watermelon\308_100.jpg,Watermelon
./data\Watermelon\309_100.jpg,Watermelon
./data\Watermelon\30_100.jpg,Watermelon
./data\Watermelon\310_100.jpg,Watermelon
./data\Watermelon\311_100.jpg,Watermelon
./data\Watermelon\312_100.jpg,Watermelon
./data\Watermelon\313_100.jpg,Watermelon
./data\Watermelon\314_100.jpg,Watermelon
./data\Watermelon\315_100.jpg,Watermelon
./data\Watermelon\31_100.jpg,Watermelon
./data\Watermelon\32_100.jpg,Watermelon
./data\Watermelon\33_100.jpg,Watermelon
./data\Watermelon\34_100.jpg,Watermelon
./data\Watermelon\35_100.jpg,Watermelon
./data\Watermelon\36_100.jpg,Watermelon
./data\Watermelon\37_100.jpg,Watermelon
./data\Watermelon\38_100.jpg,Watermelon
./data\Watermelon\39_100.jpg,Watermelon
./data\Watermelon\3_100.jpg,Watermelon
./data\Watermelon\40_100.jpg,Watermelon
./data\Watermelon\41_100.jpg,Watermelon
./data\Watermelon\42_100.jpg,Watermelon
./data\Watermelon\43_100.jpg,Watermelon
./data\Watermelon\44_100.jpg,Watermelon
./data\Watermelon\45_100.jpg,Watermelon
./data\Watermelon\46_100.jpg,Watermelon
./data\Watermelon\47_100.jpg,Watermelon
./data\Watermelon\48_100.jpg,Watermelon
./data\Watermelon\49_100.jpg,Watermelon
./data\Watermelon\4_100.jpg,Watermelon
./data\Watermelon\50_100.jpg,Watermelon
./data\Watermelon\51_100.jpg,Watermelon
./data\Watermelon\52_100.jpg,Watermelon
./data\Watermelon\53_100.jpg,Watermelon
./data\Watermelon\54_100.jpg,Watermelon
./data\Watermelon\55_100.jpg,Watermelon
./data\Watermelon\56_100.jpg,Watermelon
./data\Watermelon\57_100.jpg,Watermelon
./data\Watermelon\58_100.jpg,Watermelon
./data\Watermelon\59_100.jpg,Watermelon
./data\Watermelon\5_100.jpg,Watermelon
./data\Watermelon\60_100.jpg,Watermelon
./data\Watermelon\61_100.jpg,Watermelon
./data\Watermelon\62_100.jpg,Watermelon
./data\Watermelon\63_100.jpg,Watermelon
./data\Watermelon\64_100.jpg,Watermelon
./data\Watermelon\65_100.jpg,Watermelon
./data\Watermelon\66_100.jpg,Watermelon
./data\Watermelon\67_100.jpg,Watermelon
./data\Watermelon\68_100.jpg,Watermelon
./data\Watermelon\69_100.jpg,Watermelon
./data\Watermelon\6_100.jpg,Watermelon
./data\Watermelon\70_100.jpg,Watermelon
./data\Watermelon\71_100.jpg,Watermelon
./data\Watermelon\72_100.jpg,Watermelon
./data\Watermelon\73_100.jpg,Watermelon
./data\Watermelon\74_100.jpg,Watermelon
./data\Watermelon\75_100.jpg,Watermelon
./data\Watermelon\76_100.jpg,Watermelon
./data\Watermelon\77_100.jpg,Watermelon
./data\Watermelon\78_100.jpg,Watermelon
./data\Watermelon\79_100.jpg,Watermelon
./data\Watermelon\7_100.jpg,Watermelon
./data\Watermelon\80_100.jpg,Watermelon
./data\Watermelon\81_100.jpg,Watermelon
./data\Watermelon\82_100.jpg,Watermelon
./data\Watermelon\83_100.jpg,Watermelon
./data\Watermelon\84_100.jpg,Watermelon
./data\Watermelon\85_100.jpg,Watermelon
./data\Watermelon\86_100.jpg,Watermelon
./data\Watermelon\87_100.jpg,Watermelon
./data\Watermelon\88_100.jpg,Watermelon
./data\Watermelon\89_100.jpg,Watermelon
./data\Watermelon\8_100.jpg,Watermelon
./data\Watermelon\90_100.jpg,Watermelon
./data\Watermelon\91_100.jpg,Watermelon
./data\Watermelon\92_100.jpg,Watermelon
./data\Watermelon\93_100.jpg,Watermelon
./data\Watermelon\94_100.jpg,Watermelon
./data\Watermelon\95_100.jpg,Watermelon
./data\Watermelon\96_100.jpg,Watermelon
./data\Watermelon\97_100.jpg,Watermelon
./data\Watermelon\98_100.jpg,Watermelon
./data\Watermelon\99_100.jpg,Watermelon
./data\Watermelon\9_100.jpg,Watermelon
./data\Watermelon\r_0_100.jpg,Watermelon
./data\Watermelon\r_10_100.jpg,Watermelon
./data\Watermelon\r_116_100.jpg,Watermelon
./data\Watermelon\r_117_100.jpg,Watermelon
./data\Watermelon\r_118_100.jpg,Watermelon
./data\Watermelon\r_119_100.jpg,Watermelon
./data\Watermelon\r_11_100.jpg,Watermelon
./data\Watermelon\r_120_100.jpg,Watermelon
./data\Watermelon\r_121_100.jpg,Watermelon
./data\Watermelon\r_122_100.jpg,Watermelon
./data\Watermelon\r_123_100.jpg,Watermelon
./data\Watermelon\r_124_100.jpg,Watermelon
./data\Watermelon\r_125_100.jpg,Watermelon
./data\Watermelon\r_126_100.jpg,Watermelon
./data\Watermelon\r_127_100.jpg,Watermelon
./data\Watermelon\r_128_100.jpg,Watermelon
./data\Watermelon\r_129_100.jpg,Watermelon
./data\Watermelon\r_12_100.jpg,Watermelon
./data\Watermelon\r_130_100.jpg,Watermelon
./data\Watermelon\r_131_100.jpg,Watermelon
./data\Watermelon\r_132_100.jpg,Watermelon
./data\Watermelon\r_133_100.jpg,Watermelon
./data\Watermelon\r_134_100.jpg,Watermelon
./data\Watermelon\r_135_100.jpg,Watermelon
./data\Watermelon\r_136_100.jpg,Watermelon
./data\Watermelon\r_137_100.jpg,Watermelon
./data\Watermelon\r_138_100.jpg,Watermelon
./data\Watermelon\r_139_100.jpg,Watermelon
./data\Watermelon\r_13_100.jpg,Watermelon
./data\Watermelon\r_140_100.jpg,Watermelon
./data\Watermelon\r_141_100.jpg,Watermelon
./data\Watermelon\r_142_100.jpg,Watermelon
./data\Watermelon\r_143_100.jpg,Watermelon
./data\Watermelon\r_144_100.jpg,Watermelon
./data\Watermelon\r_145_100.jpg,Watermelon
./data\Watermelon\r_146_100.jpg,Watermelon
./data\Watermelon\r_147_100.jpg,Watermelon
./data\Watermelon\r_148_100.jpg,Watermelon
./data\Watermelon\r_149_100.jpg,Watermelon
./data\Watermelon\r_14_100.jpg,Watermelon
./data\Watermelon\r_150_100.jpg,Watermelon
./data\Watermelon\r_151_100.jpg,Watermelon
./data\Watermelon\r_152_100.jpg,Watermelon
./data\Watermelon\r_153_100.jpg,Watermelon
./data\Watermelon\r_154_100.jpg,Watermelon
./data\Watermelon\r_155_100.jpg,Watermelon
./data\Watermelon\r_156_100.jpg,Watermelon
./data\Watermelon\r_157_100.jpg,Watermelon
./data\Watermelon\r_158_100.jpg,Watermelon
./data\Watermelon\r_159_100.jpg,Watermelon
./data\Watermelon\r_15_100.jpg,Watermelon
./data\Watermelon\r_160_100.jpg,Watermelon
./data\Watermelon\r_161_100.jpg,Watermelon
./data\Watermelon\r_162_100.jpg,Watermelon
./data\Watermelon\r_163_100.jpg,Watermelon
./data\Watermelon\r_164_100.jpg,Watermelon
./data\Watermelon\r_165_100.jpg,Watermelon
./data\Watermelon\r_166_100.jpg,Watermelon
./data\Watermelon\r_167_100.jpg,Watermelon
./data\Watermelon\r_16_100.jpg,Watermelon
./data\Watermelon\r_170_100.jpg,Watermelon
./data\Watermelon\r_177_100.jpg,Watermelon
./data\Watermelon\r_179_100.jpg,Watermelon
./data\Watermelon\r_17_100.jpg,Watermelon
./data\Watermelon\r_182_100.jpg,Watermelon
./data\Watermelon\r_184_100.jpg,Watermelon
./data\Watermelon\r_185_100.jpg,Watermelon
./data\Watermelon\r_186_100.jpg,Watermelon
./data\Watermelon\r_187_100.jpg,Watermelon
./data\Watermelon\r_188_100.jpg,Watermelon
./data\Watermelon\r_189_100.jpg,Watermelon
./data\Watermelon\r_18_100.jpg,Watermelon
./data\Watermelon\r_190_100.jpg,Watermelon
./data\Watermelon\r_191_100.jpg,Watermelon
./data\Watermelon\r_192_100.jpg,Watermelon
./data\Watermelon\r_193_100.jpg,Watermelon
./data\Watermelon\r_194_100.jpg,Watermelon
./data\Watermelon\r_195_100.jpg,Watermelon
./data\Watermelon\r_196_100.jpg,Watermelon
./data\Watermelon\r_197_100.jpg,Watermelon
./data\Watermelon\r_198_100.jpg,Watermelon
./data\Watermelon\r_199_100.jpg,Watermelon
./data\Watermelon\r_19_100.jpg,Watermelon
./data\Watermelon\r_1_100.jpg,Watermelon
./data\Watermelon\r_200_100.jpg,Watermelon
./data\Watermelon\r_201_100.jpg,Watermelon
./data\Watermelon\r_202_100.jpg,Watermelon
./data\Watermelon\r_203_100.jpg,Watermelon
./data\Watermelon\r_204_100.jpg,Watermelon
./data\Watermelon\r_205_100.jpg,Watermelon
./data\Watermelon\r_206_100.jpg,Watermelon
./data\Watermelon\r_207_100.jpg,Watermelon
./data\Watermelon\r_208_100.jpg,Watermelon
./data\Watermelon\r_209_100.jpg,Watermelon
./data\Watermelon\r_20_100.jpg,Watermelon
./data\Watermelon\r_210_100.jpg,Watermelon
./data\Watermelon\r_211_100.jpg,Watermelon
./data\Watermelon\r_212_100.jpg,Watermelon
./data\Watermelon\r_213_100.jpg,Watermelon
./data\Watermelon\r_214_100.jpg,Watermelon
./data\Watermelon\r_215_100.jpg,Watermelon
./data\Watermelon\r_216_100.jpg,Watermelon
./data\Watermelon\r_217_100.jpg,Watermelon
./data\Watermelon\r_218_100.jpg,Watermelon
./data\Watermelon\r_219_100.jpg,Watermelon
./data\Watermelon\r_21_100.jpg,Watermelon
./data\Watermelon\r_220_100.jpg,Watermelon
./data\Watermelon\r_221_100.jpg,Watermelon
./data\Watermelon\r_222_100.jpg,Watermelon
./data\Watermelon\r_223_100.jpg,Watermelon
./data\Watermelon\r_224_100.jpg,Watermelon
./data\Watermelon\r_225_100.jpg,Watermelon
./data\Watermelon\r_226_100.jpg,Watermelon
./data\Watermelon\r_227_100.jpg,Watermelon
./data\Watermelon\r_228_100.jpg,Watermelon
./data\Watermelon\r_229_100.jpg,Watermelon
./data\Watermelon\r_22_100.jpg,Watermelon
./data\Watermelon\r_230_100.jpg,Watermelon
./data\Watermelon\r_231_100.jpg,Watermelon
./data\Watermelon\r_232_100.jpg,Watermelon
./data\Watermelon\r_233_100.jpg,Watermelon
./data\Watermelon\r_234_100.jpg,Watermelon
./data\Watermelon\r_235_100.jpg,Watermelon
./data\Watermelon\r_236_100.jpg,Watermelon
./data\Watermelon\r_237_100.jpg,Watermelon
./data\Watermelon\r_238_100.jpg,Watermelon
./data\Watermelon\r_239_100.jpg,Watermelon
./data\Watermelon\r_23_100.jpg,Watermelon
./data\Watermelon\r_240_100.jpg,Watermelon
./data\Watermelon\r_241_100.jpg,Watermelon
./data\Watermelon\r_242_100.jpg,Watermelon
./data\Watermelon\r_243_100.jpg,Watermelon
./data\Watermelon\r_244_100.jpg,Watermelon
./data\Watermelon\r_245_100.jpg,Watermelon
./data\Watermelon\r_246_100.jpg,Watermelon
./data\Watermelon\r_247_100.jpg,Watermelon
./data\Watermelon\r_248_100.jpg,Watermelon
./data\Watermelon\r_249_100.jpg,Watermelon
./data\Watermelon\r_24_100.jpg,Watermelon
./data\Watermelon\r_250_100.jpg,Watermelon
./data\Watermelon\r_251_100.jpg,Watermelon
./data\Watermelon\r_252_100.jpg,Watermelon
./data\Watermelon\r_253_100.jpg,Watermelon
./data\Watermelon\r_254_100.jpg,Watermelon
./data\Watermelon\r_255_100.jpg,Watermelon
./data\Watermelon\r_256_100.jpg,Watermelon
./data\Watermelon\r_257_100.jpg,Watermelon
./data\Watermelon\r_258_100.jpg,Watermelon
./data\Watermelon\r_259_100.jpg,Watermelon
./data\Watermelon\r_25_100.jpg,Watermelon
./data\Watermelon\r_260_100.jpg,Watermelon
./data\Watermelon\r_261_100.jpg,Watermelon
./data\Watermelon\r_262_100.jpg,Watermelon
./data\Watermelon\r_263_100.jpg,Watermelon
./data\Watermelon\r_264_100.jpg,Watermelon
./data\Watermelon\r_265_100.jpg,Watermelon
./data\Watermelon\r_266_100.jpg,Watermelon
./data\Watermelon\r_267_100.jpg,Watermelon
./data\Watermelon\r_268_100.jpg,Watermelon
./data\Watermelon\r_269_100.jpg,Watermelon
./data\Watermelon\r_26_100.jpg,Watermelon
./data\Watermelon\r_270_100.jpg,Watermelon
./data\Watermelon\r_271_100.jpg,Watermelon
./data\Watermelon\r_272_100.jpg,Watermelon
./data\Watermelon\r_273_100.jpg,Watermelon
./data\Watermelon\r_274_100.jpg,Watermelon
./data\Watermelon\r_275_100.jpg,Watermelon
./data\Watermelon\r_276_100.jpg,Watermelon
./data\Watermelon\r_277_100.jpg,Watermelon
./data\Watermelon\r_278_100.jpg,Watermelon
./data\Watermelon\r_279_100.jpg,Watermelon
./data\Watermelon\r_27_100.jpg,Watermelon
./data\Watermelon\r_280_100.jpg,Watermelon
./data\Watermelon\r_281_100.jpg,Watermelon
./data\Watermelon\r_282_100.jpg,Watermelon
./data\Watermelon\r_283_100.jpg,Watermelon
./data\Watermelon\r_284_100.jpg,Watermelon
./data\Watermelon\r_285_100.jpg,Watermelon
./data\Watermelon\r_286_100.jpg,Watermelon
./data\Watermelon\r_287_100.jpg,Watermelon
./data\Watermelon\r_288_100.jpg,Watermelon
./data\Watermelon\r_289_100.jpg,Watermelon
./data\Watermelon\r_28_100.jpg,Watermelon
./data\Watermelon\r_290_100.jpg,Watermelon
./data\Watermelon\r_291_100.jpg,Watermelon
./data\Watermelon\r_292_100.jpg,Watermelon
./data\Watermelon\r_293_100.jpg,Watermelon
./data\Watermelon\r_294_100.jpg,Watermelon
./data\Watermelon\r_295_100.jpg,Watermelon
./data\Watermelon\r_296_100.jpg,Watermelon
./data\Watermelon\r_297_100.jpg,Watermelon
./data\Watermelon\r_298_100.jpg,Watermelon
./data\Watermelon\r_299_100.jpg,Watermelon
./data\Watermelon\r_29_100.jpg,Watermelon
./data\Watermelon\r_2_100.jpg,Watermelon
./data\Watermelon\r_300_100.jpg,Watermelon
./data\Watermelon\r_301_100.jpg,Watermelon
./data\Watermelon\r_302_100.jpg,Watermelon
./data\Watermelon\r_303_100.jpg,Watermelon
./data\Watermelon\r_304_100.jpg,Watermelon
./data\Watermelon\r_305_100.jpg,Watermelon
./data\Watermelon\r_306_100.jpg,Watermelon
./data\Watermelon\r_307_100.jpg,Watermelon
./data\Watermelon\r_308_100.jpg,Watermelon
./data\Watermelon\r_309_100.jpg,Watermelon
./data\Watermelon\r_30_100.jpg,Watermelon
./data\Watermelon\r_310_100.jpg,Watermelon
./data\Watermelon\r_311_100.jpg,Watermelon
./data\Watermelon\r_312_100.jpg,Watermelon
./data\Watermelon\r_313_100.jpg,Watermelon
./data\Watermelon\r_314_100.jpg,Watermelon
./data\Watermelon\r_315_100.jpg,Watermelon
./data\Watermelon\r_31_100.jpg,Watermelon
./data\Watermelon\r_32_100.jpg,Watermelon
./data\Watermelon\r_33_100.jpg,Watermelon
./data\Watermelon\r_34_100.jpg,Watermelon
./data\Watermelon\r_35_100.jpg,Watermelon
./data\Watermelon\r_36_100.jpg,Watermelon
./data\Watermelon\r_37_100.jpg,Watermelon
./data\Watermelon\r_38_100.jpg,Watermelon
./data\Watermelon\r_39_100.jpg,Watermelon
./data\Watermelon\r_3_100.jpg,Watermelon
./data\Watermelon\r_40_100.jpg,Watermelon
./data\Watermelon\r_41_100.jpg,Watermelon
./data\Watermelon\r_42_100.jpg,Watermelon
./data\Watermelon\r_43_100.jpg,Watermelon
./data\Watermelon\r_44_100.jpg,Watermelon
./data\Watermelon\r_45_100.jpg,Watermelon
./data\Watermelon\r_46_100.jpg,Watermelon
./data\Watermelon\r_4_100.jpg,Watermelon
./data\Watermelon\r_50_100.jpg,Watermelon
./data\Watermelon\r_57_100.jpg,Watermelon
./data\Watermelon\r_5_100.jpg,Watermelon
./data\Watermelon\r_6_100.jpg,Watermelon
./data\Watermelon\r_7_100.jpg,Watermelon
./data\Watermelon\r_81_100.jpg,Watermelon
./data\Watermelon\r_8_100.jpg,Watermelon
./data\Watermelon\r_9_100.jpg,Watermelon
